page	display_pg	col	y_top	height	y_bot	el_idx	kind	frag	n_lines	text	rendered_text
5	1	0	510.34	57.2	453.14	0	sefer_title	full	1	מחיית עמלק - תיקון ל'וקוץ ודרדר תצמיח לך'	מחיית עמלק - תיקון ל'וקוץ ודרדר תצמיח לך'
5	1	0	353.66	44.0	309.66	1	anaf	full	1	ענף א' קליפת עמלק בחטא עץ הדעת	ענף א' קליפת עמלק בחטא עץ הדעת
5	1	1	302.16	35.58	266.58	2	subhead	whole	1	עמלק גרם חטא הראשון של עץ הדעת	עמלק גרם חטא הראשון של עץ הדעת
5	1	1	263.63	196.56	67.07	3	dc1	whole	12	הנה	הנה עמלק הוא בחי' ראשית הקיקול והקליפה כמו שנאמר ״ראשית גוים עמלק״, ובוודאי הוא בחי' הנחש שגרם חטא הראשון של חטא עץ הדעת שהוא שורש כל החטאים שבא מכח הקילקול של חטא עץ הדעת, וכן מרומז בהא שדרשו חז״ל שהמקור להמן שהי' נכדו והמשך של עמלק מרומז החטא עץ הדעת שנא' ״המן״ העץ, ומבואר שעמלק הוא שגרם חטא עץ הדעת.
5	1	2	302.29	19.33	282.96	4	subhead	whole	1	ביאור קללת קוץ ודרדר תצמיח לך	ביאור קללת קוץ ודרדר תצמיח לך
5	1	2	280.01	212.94	67.07	5	dc1	whole	13	וא'	וא' מהקללות שנגרם על ידי חטא עץ הדעת הוא מה שנא' ״קוץ ודרדר תצמיח לך״, וביארו בספה״ק עומק קללה זו דיש ד' רבתי בתיבת אחד בהפס' של שמע ישרא' ה' אלקינו ה' אחד וזה לעומת זה יש ר' רבתי בתיבת אחר של הפס' לא תשתחוה לאל אחר, כדי שתהא ברור ולא תהא מקום לטעות בין ה' אחד לאל אחר. ועל ידי חטא עץ הדעת הי' קילקול ונתערב טוב ברע וע״י זה יש מקום לטעות בין הד' של ה' אחד לר' של אל אחר, והוא בחי' הקללה של קוץ ודרדר תצמיח לך כי החילוק של ד' ור' בין
6	2	1	530.0	65.52	464.48	5	body	whole	4	בצורת האות ובין בהגימטריא הוא קו״ץ	בצורת האות ובין בהגימטריא הוא קו״ץ (ר - קו״ץ = ד׳, 200 - 196 = 4), וזהו מרומז בקוץ ודרדר תצמיח לך שהתערב ונפגם הד' עם הר' ע״י נטילת הקוץ.
6	2	1	453.93	35.58	418.35	6	subhead	whole	1	תוספות ביאור החילוק בין ד' לר' שורות ישרות או עקומות	תוספות ביאור החילוק בין ד' לר' שורות ישרות או עקומות
6	2	1	415.41	278.46	136.95	7	dc1	whole	17	ויש	ויש להוסיף עוד ביאור כי השי״ת הוא בחי' ישר כמו שנא' להגיד כי ישר ה', וכן כתי' טוב וישר ה', 'וכן התורה הק' נקרא ישר כמו שנא' פיקודי ה' ישרים, משא״כ הרע והקליפה הוא להיפוך עקום ועקלתון, והפגם של דרדר הוא שנפגם ד' הישר של ה' אחד לר' עקומה של אל אחר, וי״ל שהתיקון של הר' שנתהוה ע״י חטא עץ הדעת הוא לסדר האותיות. להפך מהמילוי של אות ריש לישר כי החילוק בין צורת אות ר' לצורת אות ד' שהאות ריש הוא שורות עקומות משא״כ האות ד' הוא שורות ישרות כי הד' שמרמז על השי״ת הוא בחי' ישר משא״כ הר' שמרומז על הרע הוא עקומה וע״י שנעשה מריש ישר נעשה תיקון של ד' שהוא שורות ישרות.
6	2	1	126.4	19.33	107.07	8	subhead	whole	1	מלחמת עמלק על ישראל	מלחמת עמלק על ישראל
6	2	1	104.12	49.14	54.98	9	dc1	head	3	ולכן	ולכן ישרא' שהם מאמינים בה' אחד נקראים גוי אחד הבחי' של הד' רבתי של ה' אחד, וכמו דאמרינן בתפילה
6	2	2	530.0	163.8	366.2	9	body	tail	10	ואל יאבד גוי אחד, המיחדים שמך	ואל יאבד גוי אחד, המיחדים שמך ה' אלקנו ה' אחד, ונקראים ישרים, ישראל מל' ישר-אל, וכמו שנא' תומת ישרים תנחם וכלל״י הם הבחי' של והאלקים עשה את האדם ישר משא״כ עמלק הוא בחי' ר' רבתי של אל אחר המתנגד לה' אחד ולכן עמל״ק בגי' א״ל אח״ר וכן ״עמלק״ הוא אותיות ״מעקל״ שהוא בחי' נחש עקלתון, ולכן עמלק מתנגד נגד ישרא' לבטל בחי' ה' אחד.
6	2	2	355.72	19.33	336.39	10	subhead	whole	1	ביאור קללת על גחונך תלך	ביאור קללת על גחונך תלך
6	2	2	333.44	81.9	251.54	11	dc1	whole	5	ולפי	ולפי זה יבואר היטב מה שנענש הנחש שהוא בחי' עמלק שיהיו "על גחונך תלך״ שהרי עי״ז כל גופו נעשה עקומה לבחי' של נחש עקלתון צורה של ר' שאינה שורות ישרות.
6	2	2	241.06	19.33	221.73	12	subhead	whole	1	עמלק בחי' הזבוב שעושה מד' ר'	עמלק בחי' הזבוב שעושה מד' ר'
6	2	2	218.78	163.8	54.98	13	dc1	whole	10	ומקור	ומקור לדבר זה שעמלק הוא בחי' חטא עץ הדעת שפגם באות ד' לעשותו ר', מבואר בספר עטרת ישועה (פ' - בשלח), הנה הגמ' סוטה כ' אמר רב יהודה אמר שמוא' משום ר' מאיר כשהייתי למד תורה אצל ר' עקיבא הייתי מטיל קנקנתום לתוך הדיו, ומבאר הגמ' שהיתה מיחש לזבוב דילמא יתיב אתגי' (הקוץ) של דלי״ת ומחוק לי' ומשוי לי' רי״ש ולכן הטיל קנקנתום שלא יוכל
7	3	1	530.0	147.42	382.58	13	body	whole	9	להימחק, ופי' רש״י כגון ("ד'", 'frankrealbold', 13.0) דאחד	להימחק, ופי' רש״י כגון ד' דאחד דהיינו שיעשה מאחד אחר, ומבאר העטרת ישועה שהזבוב מרמז על עמלק כמבואר בבעל הטורים פ' בשלח שזבו״ב ר״ת ו'שים ז'את ז'כרון ב'ספר ועמלק הוא בחי' הזבוב שרוצה למחוק הקוץ של הד' לעשותו ר' בבחי' קוץ ודרדר, ומבואר שעמלק הוא הפוגם בקוץ ודרדר תצמיח לך בחטא עץ הדעת.
7	3	1	365.41	35.58	329.84	14	subhead	whole	1	ספר תורה של ר״מ במדריגה קודם חטא עץ הדעת	ספר תורה של ר״מ במדריגה קודם חטא עץ הדעת
7	3	1	326.89	114.66	212.23	15	dc1	whole	7	וע״ש	וע״ש בעטרת ישועה שהוסיף עוד, דהי' ספר תורה של ר' מאיר, ור' מאיר הי' תלמוד של אחר, ואחר הוא בחי' ר' רבתי של אל אחר, אבל כחו של ר' מאיר הי' שתוכו אכל וקליפתו זרק ותיקון שתורתו יהי' במדריגת ד' רבתי ולעשות מר' ד' כנ״ל עכת״ד ע״ש.
7	3	2	530.0	147.42	382.58	16	dc1	whole	9	ויש	ויש להוסיף דבאמת מצינו עוד דבר מיוחד בתורתו של ר' מאיר שהי' כתי' שם כתנות אור עם א'. תחת ע' של עור וביארו בספה״ק שהי' במדריגה של תיקון קודם חטא עץ הדעת שלא היצטרכו כתנות עור עם ע' וממש נפלא שדוקא בתורתו הקפיד ג״כ שיהי' תיקון לאות ד' שח״ו לא ימחה להיות ר' בדרגת התיקון על הקוץ ודרדר תצמיח לך.
7	3	2	376.03	163.8	212.23	17	dc1	whole	10	ונמצא	ונמצא שספר תורה שלו הי' מיוחד באות א' של אור וגם מיוחד בד' שלא יהי' ר' והוא אותיות אדר ונגד ערד מלך עמלק שהוא בחי' ע' והר' קודם הד' וחודש אדר קיבלו התורה מאהבה בפורים, והי' במדריגה של תורה הק' כתיקונם והוא בחי' מחיית עמלק של אדר ופורים ולכן כתי' ליהודים היתה אורה ודרשו חז״ל אורה זו תורה שהיתה תורה בבחי' אור וכמו שנבאר לקמן ב״ה.
8	4	0	502.0	44.0	458.0	18	anaf	full	1	ענף ב' מלחמת עמלק בקריעת ים סוף לבטל קבלת התורה	ענף ב' מלחמת עמלק בקריעת ים סוף לבטל קבלת התורה
8	4	1	450.63	19.33	431.3	19	subhead	whole	1	האבות במדריגה ישרים	האבות במדריגה ישרים
8	4	1	428.35	262.08	166.27	20	dc1	whole	16	והנה	והנה עמלק גרם לעוות היושר והאמונה בה' אחד וגרם קלקול בכל העולם בבחי' קוץ ודרדר תצמיח לך וכמו שביארנו לעיל, אבל האבות הם היו בבחי' תיקון העולם, וגילוי אמונת ה' בעולם ורק התולדות של האבות בני יעקב אבינו הוצטרכו לילך ולהזדכך בכור הברזל של גלות מצרים ולתקן חטא אדם הראשון עד שיזכו לתעבדון את האלקים על ההר הזה בבחי' פסקה זוהמתן של הנחש בחטא עץ הדעת, ולכן ספר בראשי״ת שהוא בחי' ספר האבות הוא האותיות יש״ר אב״ת שהאבות היו בבחי' ישרים (וספר בראשית נקרא ספר הישר) שהאבות גילוי בחי' ה' אחד בחי' ישר מריש כמבואר לעיל.
8	4	1	148.45	35.58	112.87	21	subhead	whole	1	מעלת יציאת מצרים וקריעת ים סוף לגלות ד' רבתי של ה' אחד	מעלת יציאת מצרים וקריעת ים סוף לגלות ד' רבתי של ה' אחד
8	4	1	109.93	49.14	60.79	22	dc1	head	3	אבל	אבל זה הי' רק מדריגת האבות אבל כלל ישרא' הלכו במצרים להזדכך עד שיגיעו למתן תורה ולכן בהתחלת
8	4	2	450.63	147.42	303.21	22	body	tail	9	גלות מצרים כתי' ויקצו מפני בני	גלות מצרים כתי' ויקצו מפני בני ישרא' דהיינו שהמצרים רצו להפסיד בחי' תיקון הקוץ של ה' אחד הקוץ ודרדר תמציח לך ולאחר כל השיעבוד והעשר מכות ויציאת מצרים כתי' ובני ישרא' יוצאים ביד רמה ופי' התרגום בריש גלי וי״ל הפי' שנתגלה האפסיות והשקר של הריש האות ר' רבתי של אל אחר ונשתנה לישר ושורות ישרות של ד' לגילוי ה' אחד.
8	4	2	296.66	131.04	165.62	23	dc1	whole	8	וביותר	וביותר נתגלה דבר זה בשעת קריעת ים סוף שהרי אז כבר נאמר ויאמינו בה' ובמשה עבדו, שזכו להאמין ולגלות הד' רבתי של ה' אחד ולכן הסוף של שירת הים שהוא בחי' התכלית הוא אות ד' של ה' ימלוך לעולם ועד שנתגלה בחי' ד' רבתי של ה' אחד ונתגלה מלכות ה' בכל העולם.
8	4	2	159.07	98.28	60.79	24	dc1	whole	6	וכן	וכן יש נוהגין בתפילת שחרית לאחר שירת הים לומר ובתורתך כתוב לאמר שמע ישרא' ה' אלקנו ה' אחד כי בשעת קריעת ים סוף נתגלה הד' רבתי כנ״ל, וגם אומרים הפס' של והיה ה' למלך וגו', ה' אחד ושמו אחד ועוד י״ל שלכן
9	5	1	530.0	114.66	415.34	24	body	whole	7	מתחיל השירה באז ישיר, ישי״ר הוא	מתחיל השירה באז ישיר, ישי״ר הוא בחי' ישר שנעשה מריש יש״ר שיהי' שורות שוות כמו ד' וכן א״ז בגי' ב' פעמים ״ד' בחי' דרדר, וביותר מרומז בהא די״ם סו״ף בגי' קו״ץ, וקריעת ים סוף היינו שנקרע מספר י״ם סו״ף קו״ץ מר' שהוא מספר ד' שנתגלה הד' של ה' אחד.
9	5	1	391.97	35.58	356.39	25	subhead	whole	1	עמלק בא לבטל גילוי ה' אחד של קריעת ים סוף	עמלק בא לבטל גילוי ה' אחד של קריעת ים סוף
9	5	1	353.44	114.66	238.78	26	dc1	whole	7	ולפי	ולפי המבואר לעיל מובן למה דוקא כאן בא עמלק להילחם עם ישרא' כי עמל״ק שהוא בגי' א״ל אח״ר בחי' ר' רבתי אינו יכול לסבול הגילוי של הישרות של ה' אחד שנתגלה בקריעת י״ם סו״ף שהוא בחי' הקו״ץ של הד' כמו שנתבאר לעיל.
9	5	1	219.35	65.52	153.83	27	dc1	whole	4	ובזה	ובזה ימתק מה שנא' בעמלק מלחמה לה' בעמלק מדרד״ר שהם אותיות דרדר לתקן מה שהחליש וקרר הגילוי של ה' אחד.
9	5	1	134.39	65.52	68.87	28	dc1	whole	4	ועוד	ועוד יובן מה שאיתא במדרש שעמלק בא מהלך של ת' פרסה וי״ל שמרומז בת' שהוא בגי' קו״ץ ד״ר שבא להילחם בתיקון הקו״ץ של ה' אחד.
9	5	2	530.0	35.58	494.42	29	subhead	whole	1	מלחמת עמלק פגם בקבלת התורה של נעשה ונשמע	מלחמת עמלק פגם בקבלת התורה של נעשה ונשמע
9	5	2	491.47	294.84	196.63	30	dc1	whole	18	וביותר	וביותר עומק י״ל כי ע״י הגילוי של קריעת ים סוף זכו לקבלת התורה בשלימות ולמדריגת נעשה ונשמע, כי התורה הוא בחי' של פיקודי ה' ישרים משמחי לב, וכן כתי' ישרים דרכי ה' צדיקים ילכו בם וע״י התיקון של ישר ותיקון של ה' אחד של קריעת ים סוף זכו לקבלת התורה, וכן מדריגת נעשה ונשמע הוא מדריגת ישרים כמבואר במסכת שבת פ״ח במעשה דהדדוקי שאמר לרבא שכלל ישרא' הם עמא פזיזא שקיבלו נעשה קודם לנשמע וא״ל שאצל כלל ישרא' כתי' תומת ישרים תנחם ע״ש, ואז הי' זמן של תיקון חטא עץ הדעת כי המדריגה של ישרים מחייב קבלת התורה מאהבה ושמחה כי הוא מדריגה של ישרים, משמחי לב ומקבל התורה בשלימות.
9	5	2	190.08	81.9	108.18	31	dc1	whole	5	ועמלק	ועמלק רצה לבטל מדריגת הישר ולכן בא לאחר קריעת ים סוף לבטל מדריגת הישר של כלל ישרא' ולבטל מדריגה נעשה ונשמע שבא מכח מדריגת ישרים.
9	5	2	101.63	32.76	68.87	32	dc1	whole	2	ויש	ויש לומר רמז נפלא שלכן כתי' זכור את אשר עשה לך עמלק בדרך
10	6	1	530.0	49.14	480.86	32	body	whole	3	עש״ה ל״ך בגי' נעש״ה עמל״ק בדר"ך	עש״ה ל״ך בגי' נעש״ה עמל״ק בדר"ך בג' ונשמ״ע. שעמלק בא לבטל מדריגה זו של כלל ישרא' שבא מכח מדת הישר.
10	6	1	470.38	19.33	451.05	33	subhead	whole	1	עמלק גרם חטא העגל	עמלק גרם חטא העגל
10	6	1	448.1	212.94	235.16	34	dc1	whole	13	ואע״פ	ואע״פ שכלל ישרא' קיבלו התורה בנעשה ונשמע מלחמת עמלק גרם שלא יהי' בשלימות וע״י זה נגרם חטא העגל שהוא בחי' א״ל אח״ר שבגימטריא עמל״ק, וכן עמל״ק שבא ביום המ' ליציאת מצרים הוא אותיות עגל מ' כי אות ק' ואות ג' מתחלפין, ולכן כתי' לך רד כי שחת עמך כי על ידי חטא העגל חזרה זוהמת הנחש ונשאר הבילבול של קוץ ודרדר תצמיח לך, וכל זה ע״י מלחמת עמלק בין קריעת ים סוף למתן תורה שהוא מנגד לתיקון של ה' אחד.
10	6	1	224.68	19.33	205.35	35	subhead	whole	1	משה רבינו לא משתייך לחטא העגל	משה רבינו לא משתייך לחטא העגל
10	6	1	202.4	147.42	54.98	36	dc1	head	9	ואע״פ	ואע״פ שלכלל ישרא' הי' פגם של חטא העגל בחי' ר' של אל אחר משה רבינו לא נפגם כלל בחטא העגל כמו שביארו בספה״ק הא דנתגלה טעמו של פרה אדומה רק למשה רבינו שהרי הפרה אדומה הי' משתייך לכפרת חטא העגל ורק משה רבינו שלא הי' בכלל בעולם הזה בשעת החטא ולא הי' משתייך לזה כלל זכה להשיג טעם הפרה
10	6	2	530.0	114.66	415.34	36	body	tail	7	אדומה, ולכן משה רבינו הוא בחי'	אדומה, ולכן משה רבינו הוא בחי' התיקון של ד' רבתי משא״כ כלל ישרא' שנפגמו קצת בחטא העגל ולכן החילוק של הגימטריא בין מש״ה לישרא״ל הוא כמנין קו״ץ (י״ם סו״ף) שמשה רבינו זכה שישאר אצלו אותו גילוי של ה' אחד של קריעת ים סוף ומתן תורה.
10	6	2	403.81	163.8	240.01	37	dc1	whole	10	וגם	וגם כתי' במשה רבינו שקרן עור פניו והוא בחי' כתנות אור עם א' של תיקון חטא עץ הדעת וכלל״י אבדו מדריגה זו בחטא העגל אבל משה זכה שישאר אצלו וכתי' ויתן על פניו מסוה הוא הס״ת של סוס ורוכבו רמה בים שהיא עיקר השירה שנאמרה בתורה בין באנשים בין בנשים, שהסתיר המדריגה של תיקון חטא עץ הדעת שזכו בשעת קריעת ים סוף ומתן תורה.
10	6	2	224.55	35.58	188.97	38	subhead	whole	1	מחיית עמלק ע״י אמן יהא שמי' רבא	מחיית עמלק ע״י אמן יהא שמי' רבא
10	6	2	186.02	131.04	54.98	39	dc1	whole	8	ויש	ויש להוסיף עוד, שהרי אמרו חז״ל אין השם שלם וכסא שלם עד שימחה זרעו של עמלק, ולכן מתפללין בקדיש יהא שמי' רבא שיגדל שמו של הקב״ה במחיית עמלק, ואז יהי' תיקון של ה' אחד ושורות ישרות של ד' ולכן הר״ת של יהא שמי' רבא הוא ישר שבמחיית עמלק יהיו במדריגת ישרים.
11	7	1	530.0	19.33	510.67	40	subhead	whole	1	ערד מלך עמלק	ערד מלך עמלק
11	7	1	507.72	229.32	278.4	41	dc1	whole	14	ובאמת	ובאמת מצינו עוד פעם שבא עמלק להילחם עם ישרא' בתורה בפ' חקת וישמע הכנעני מלך ערד יושב הנגב וגו'. ופירש״י ששמע שמת אהרן, וי״ל שערד יש בו אותיות ר״ד שבא להמשיך קליפת עמלק לבטל הקוץ של ה' אחד לאל אחר וער״ד בגי' מרדכ״י וכמו שנבאר לקמן (ענף ד') שמרדכי הוא בחי' התיקון של הד' נגד קליפת ערד וחודש אדר הוא כנגד ערד כי ע' וא' מתחלפין ויש באדר ג״כ התיקון של ר' ד' כמו שיתבאר לקמן (ענף ה'), וגם כתי' וידר נדר מל' תיקון של ד' ר'.
11	7	2	530.0	19.33	510.67	42	subhead	whole	1	נחש הנחושת	נחש הנחושת
11	7	2	507.72	229.32	278.4	43	dc1	whole	14	ומיד	ומיד לאחר שבא ערד מלך עמלק כתי' וידבר העם באלקים ובמשה והתלוננו על המן ובא נחשים ושרפים, ולפי הנ״ל י״ל שערד מלך עמלק עשה פגם במדריגה של קבלת התורה שהרי לא ניתנה תורה אלא לאוכלי המן, וכמו שביארנו לעיל שעמלק מבטל הקבלת התורה בדרגה של ישרים ולכן בא עונש של נחש שהי' בחי' חטא עץ הדעת שגם כן הי' פגם בבחי' ד' הישר, ולכן אמר לו השי״ת למשה עשה לך שרף, ושים אותו על הנס שהוא בח' עץ ישר, לעשות מנחש העקלתון ר' עקומה בחי' ישר של ד'.
12	8	0	502.0	44.0	458.0	44	anaf	full	1	ענף ג' מלחמת עמלק בימי שמוא' ושאול ואגג	ענף ג' מלחמת עמלק בימי שמוא' ושאול ואגג
12	8	1	450.63	245.7	204.93	45	dc1	whole	15	והנה	והנה מלחמת עמלק נמשך בכל הדורות ובזמן שאול המלך היתה עוד התעוררות למחיית עמלק והוא ההפטורה לשבת זכור, ולבסוף כתי' שם ״וישסף שמוא' את אגג לפני ה'״ שהרג שמוא' המלך של עמלק בזמן ההוא, אבל לא כתי' שהרגו סתם רק כתי' וישסף ופירש רש״י וישסף - ״חתכו לארבע״, ואין לתיבה זו דמיון, וצ״ב למה הורגו דוקא במיתה זו שחתכו לד' חלקים, ועוד צ״ב מהו המקור לרש״י שזהו הפי' של וישסף [ובפשטות מביא שם רש״י מהתרגום שהוא ל' בקיעה ורש״י הבין שהבקיעה של אדם הוא ע״י שיחתכו לארבע חלקים].
12	8	2	450.63	245.7	204.93	46	dc1	whole	15	אבל	אבל לפי מה שביארנו לעיל שהקליפה של עמלק הוא להכחיש הד' רבתי של ה' אחד של שורות ישרות ולעורר הר' רבתי של אל אחר מובן היטיב למה המחיית עמלק של שמוא' הי' דוקא שיעשה מאגג ד' חלקים שרצה לתקן הד' רבתי של ה' אחד וי״ל רמז נפלא שמרומז כן בהפס' דכתי' וישסף שמוא' א״ת אג״ג לפנ״י ה״י, א״ת אג״ג בגמטריא דרד״ר, לפנ״י הי' בגימטריא קו״ץ כלומר שעל ידי שחותכו לד' רצה לתקן הקוץ ודרדר שיהי' ד' רבתי של ה' אחד (וגם חתכ״ו בגי' דל״ת חתכ״ו לד' היינו ב' פעמים ד' של דרדר).
13	9	0	502.0	44.0	458.0	47	anaf	full	1	ענף ד' מלחמת עמלק בימי מרדכי ואסתר והמן	ענף ד' מלחמת עמלק בימי מרדכי ואסתר והמן
13	9	1	450.63	19.33	431.3	48	subhead	whole	1	המן מתנגד לתיקון הקוץ של הד'	המן מתנגד לתיקון הקוץ של הד'
13	9	1	428.35	360.36	67.99	49	dc1	head	22	ובימי	ובימי אחשורוש הי' עוד זמן שהתעורר קליפת עמלק על ידי המן, והמן הי' בחי' של עבודה זרה, הר' רבתי של ״אל אחר״ שבגי' עמל״ק כמבואר לעיל, ולכן כל אחד ואחד הי' צריך להשתחוות להמן, בבחי' לא תשתחווה לאל אחר, [וגם הקיטרוג של אותו דור היתה שהשתחוו לצלם] והמן לא הי' סובל הד' רבתי של ה' אחד ולכן התנגד לישנו עם אחד היינו כלל ישרא' שמכריזים הד' רבתי של ה' אחד, ועוד איתא במדרש על והנה המן עומד בחצר שבא דוקא בזמן שאין אומרים קרי״ש (באמצע הלילה). והמ״ן במילוי כזה ה״ה מ״ם נו״ן בגימטריא קו״ץ שהתנגד לתיקון של הקו״ץ ודרדר תצמיח לך ובאמת מצינו בחז״ל שהעץ שעליו נתלה המן הי' ״קוץ״, עיין מדרש רבה (ט״ב) אמרו חכמים בשעה שבא להכינו קרא הקב״ה לכל עצי בראשית מי יתן עצמו ויתלה רשע זה עליו ע״ש שבא כל מיני עצים עד שבא קוץ וכו',
13	9	2	450.63	65.52	385.11	49	body	tail	4	שאני קוץ והוא קוץ מכאיב, ונאה	שאני קוץ והוא קוץ מכאיב, ונאה שיתלה קוץ על קוץ. ולפי דברינו מובן היטב שזה הי' קליפת המן ועמלק ועליו נתלה לגלות ולתקן הד' רבתי של ה' אחד.
13	9	2	368.6	35.58	333.02	50	subhead	whole	1	המן מתנגד להגילוי של קריעת ים סוף	המן מתנגד להגילוי של קריעת ים סוף
13	9	2	330.07	262.08	67.99	51	dc1	whole	16	ועוד	ועוד יש לרמז דהמן מתנגד לגילוי של קריעת ים סוף דכתי' אמר אויב ארדף אשיג אחלל שלל, אויב מרמז להמן דכתי' איש צר ואויב, אחלק שלל, הוא נגד מה שכתוב בתורה, בנימין זאב יטרוף בבוקר יאכל עד ולערב יחלק שלל ופירש״י דקאי על זמן מרדכי והמן שנטל מרדכי ביתו של המן, ועוד י״ל רמז נפלא, דיש נ״ד פעמים המ״ן במגילה והוא בגי' חמשת אלפים ק״ל והוא מרומז באחל״ק שהוא ר״ת חמשת אלפים ק"ל ובחי' השלל מרמז על הגילוי של ה' אחד, שכן אוי״ב ארד״ף אשי״ג אחל״ק של״ל בגי' שמ״ע ישרא' ה' אלקנו ה' אח״ד (ועם אמ״ר אויב בגי' ברו״ך ש״ם כבו״ד מלכות״ו לעול״ם וע״ד).
14	10	1	530.0	114.66	415.34	52	dc1	whole	7	[ועוד	[ועוד מצינו אצל סעודת אחשורוש היתה ודר וסוחרת ועיין בגמ' מגילה דרי דרי ופי' רש״י שורות שורות סביב, וסוחרת מל' סחור סחור ואולי י״ל שעשו משורות ישרות שלא יהיו ישרות רק סביב ועקום והוא הבחינה לעשות מד' ר' כמבואר לעיל].
14	10	1	404.81	35.58	369.24	53	subhead	whole	1	הגילוי של קריעת ים סוף בימי מרדכי ואסתר	הגילוי של קריעת ים סוף בימי מרדכי ואסתר
14	10	1	366.29	147.42	218.87	54	dc1	whole	9	הנה	הנה בכל המגילה כתי' פרס קודם מדי ורק בסוף המגילה כתי' מדי קודם פרס, ולפי דרכנו י״ל הפשט שבתחילת המגילה כשהיתה התעוררות הר' של אל אחר דהמן כתי' פרס קודם מדי שהאות האמצעי' של שניהם הוא ר' ד' והר' קודם הד' אבל לבסוף המגילה שהי' מחיית עמלק כתי' מדי קודם פרס שהד' קודם הר' באותיות האמצעיות.
14	10	1	212.27	65.52	146.75	55	dc1	whole	4	ובאמת	ובאמת מרומז יותר מזה שהרי האותיות החיצוניות של פרס ומדי שאינם ר' ד' הם בגי' קו״ץ לרמז על הקוץ של הד' שיש יותר מהר'.
14	10	1	140.16	81.9	58.26	56	dc1	head	5	ועוד	ועוד יותר יש לרמז שהר' ביארנו שהגילוי של ה' אחד היה בשעת קריעת ים סוף שנקרע ונתגלה הקו״ץ של הד' שבג' י״ד סו״ף וממש נפלא שהאותיות החיצוניות של ״פרס ומדי״
14	10	2	530.0	196.56	333.44	56	body	tail	12	הוא ממש אותיות ״ים סוף״ והאמצעי	הוא ממש אותיות ״ים סוף״ והאמצעי הוא אותיות ר' ד' וכשנקרע ים סוף נתגלה הד' על הר' והוא בחי' האמצעי של ים סוף שמרומז בהאמצעי של פרס ומדי, והוא כמבואר לעיל שבתחילה הי' הסתר על הגילוי של הקריעת ים סוף ולכן הר' קודם הד' בתוך פרס ומדי המרמז לקריעת ים סוף אבל לבסוף המגילה כתי' מדי קודם פרס שחזר ונתגלה הד' קודם הר' בחי' קריעת ים סוף של פרס ומדי ע״י שנתלה המן והיו מחיית עמלק לתקן הקוץ של הד' של ה' אחד והוא נפלא.
14	10	2	326.89	98.28	228.61	57	dc1	whole	6	ועוד	ועוד פרס ומדי ממש מרומז בקריעת ים סוף עצמו שהרי בשירה כתי' תפול עליהם אימתה ופחד בגדול זרעך ידמו כאבן גדו״ל זרוע״ך בגי' פר״ס ידמ״ו אותיות ומדי ובתוכם מרומז הגילוי של קריעת ים סוף כנ״ל.
14	10	2	222.06	98.28	123.78	58	dc1	whole	6	[ובאמת	[ובאמת עיין במדרש רבה בפס' חיל פרס ומדי שמדי מל' מודיא להקב״ה בחי' אמונה. ואע״פ שיש בהם עבודה זרה היתה זו רק מסורת אבותיהם ומתאים מאוד עם הנ״ל שמדי מרמז על הקדושה והתיקון של ה' אחד]
14	10	2	113.29	19.33	93.96	59	subhead	whole	1	מרדכי בחי' התיקון של קוץ ודרדר	מרדכי בחי' התיקון של קוץ ודרדר
14	10	2	91.02	32.76	58.26	60	dc1	whole	2	וכל	וכל זה בא על ידי מרדכי הצדיק, ומרדכי לא יכרע ולא ישתחווה
15	11	1	530.0	180.18	349.82	60	body	whole	11	שהי' תמיד בבחינת ד' של ה'	שהי' תמיד בבחינת ד' של ה' אחד, ומרדכי הוא אותיות דרך י״ם, בחי' קריעת ים סו״ף שהיתה תמיד בבחי' גילוי הקו״ץ, שנתגלה שם, וגם מרד ממרדכי מרמז לעשות מר' ד', ומרדכ״י בגי' רע״ד נגד ער״ד מלך עמלק שרצה לבטל התיקון של ר' ד', וגם מרדכי נקרא צדיק צדי״ק בג' ר״ד שתיקון הקוץ ודרדר תצמיח לך וגם המשיך הגילוי של קריעת ים סוף דכתי' שם אילו מואב אחזימו רע״ד שבגי' מרדכ"י.
15	11	1	339.34	19.33	320.01	61	subhead	whole	1	מגילה כאגרת	מגילה כאגרת
15	11	1	317.06	147.42	169.64	62	dc1	whole	9	ולפי	ולפי זה י״ל בדרך רמז, מה שהמגילה נקרא אגר״ת, כי אגר״ת בגי' קו״ץ דרד״ר, כי על ידי מקרא מגילה זוכין להתגלות של אחד, ולתקן הקוץ ודרדר תצמיח לך, וגם הצורה הוא כולו עקומה כמו נחש וע"י הקריאה מפשיט העקמימות לישר והוי תיקון לבחי' הר' שהוא שורות עקומות שאינן ישרות להפוך אותו לד'.
15	11	1	159.16	19.33	139.83	63	subhead	whole	1	מנהג גראגע״ר	מנהג גראגע״ר
15	11	1	136.88	81.9	54.98	64	dc1	head	5	והוסיף	והוסיף תלמיד, לפי זה נפלא ממש למה כשמזכירין שמו של המן במגילה יש ענין לעורר רעש ע״י גראגע״ר, כי גראגע״ר הוא צורה של ד תיקון הקו״ץ של הר', וכדי
15	11	2	530.0	32.76	497.24	64	body	tail	2	למחות המן ועמלק מעוררים הד' בקול	למחות המן ועמלק מעוררים הד' בקול גדול (וגם גראגא״ר בגי' דרד"ר).
15	11	2	486.76	19.33	467.43	65	subhead	whole	1	שיכרות בפורים	שיכרות בפורים
15	11	2	464.48	229.32	235.16	66	dc1	whole	14	ולפי	ולפי מה שיבואר לעיל יש לבאר גם הא ששותים יין ומשתכרים בפורים, שהרי החטא עץ הדעת שי' ר' מאיר הוא שהיתה גפן, וע״י שעמלק גרם החטא נתערב טוב ברע שיהי' קוץ ודרדר תצמיח לך, והוא בחי' של שורות עקומות שאינן ישרות, בחי' שיכור שאינו יכול לילך בדרך ישר, והתיקון הוא לגלות בתוך העקמומיות ה' אחד ולעשות מריש ישר, וי״ל רמז נפלא שיכו״ר אותיות יש״ר כ״ו היינו להגיד כי יש״ר ה'״ צורי ולא ״עולתה״ בו שאין שום עקומיות ומתקנין התיקון של קוץ ודרדר תצמיח לך, וזוכין לדעת כי טוב וישר ה'.
15	11	2	224.68	19.33	205.35	67	subhead	whole	1	קבלת התורה מאהבה בפורים	קבלת התורה מאהבה בפורים
15	11	2	202.4	147.42	54.98	68	dc1	whole	9	וע״י	וע״י שזכו למדריגה של ישר ה', ולתיקון הד' של שורות ישרות, קיבלו התורה מאהבה הבחי' של משפטי ה' ישרים משמחי לב, והי' תיקון על קליפת עמלק שרצה לבטל הקבלת התורה והנעשה ונשמע כמו שביארנו לעיל, וכתי' אורה זו תורה שזכו במדריגת התורה בבחי' כותנות אור עם א' חטא עץ הדעת.
16	12	1	530.0	49.14	480.86	69	dc1	whole	3	ולכן	ולכן לובשין מסוה בפורים כמו אצל משה רבינו בקרן עור פניו בחי' של קודם חטא עץ הדעת.
16	12	1	470.38	19.33	451.05	70	subhead	whole	1	מספר הרוגים בשושן הבירה	מספר הרוגים בשושן הבירה
16	12	1	448.1	32.76	415.34	71	dc1	head	2	ועוד	ועוד יש לרמז, דכתי' ובשושן הבירה הרגו היהודים ואבד חמש מאות
16	12	2	530.0	114.66	415.34	71	body	tail	7	איש, ואת פרשנדתא וגו', כל	איש, ואת פרשנדתא וגו', כל העשרת בני המן, דהיינו שהרגו תק״י אנשים, וצ״ב למה דוקא מספר זה, ולהנ״ל י״ל שמרמז שתיקנו מדריגת יש״ר שהוא בגי' תק״י, נגד י' בני המן ועוד ״ש״ר נגד שאר אנשי שושן.
17	13	0	502.0	44.0	458.0	72	anaf	full	1	ענף ה' משנכנס אדר מרבין בשמחה	ענף ה' משנכנס אדר מרבין בשמחה
17	13	1	450.63	19.33	431.3	73	subhead	whole	1	למה דוקא באדר מרבין בשמחה	למה דוקא באדר מרבין בשמחה
17	13	1	428.35	65.52	362.83	74	dc1	whole	4	איתא	איתא בחז״ל (סוף מסכת תענית) אמר רב יהודה ברי' דרב שמוא' בר שילת כשם שמשנכנס אב ממעטין בשמחה כך משנכנס אדר מרבין בשמחה.
17	13	1	354.71	49.14	305.57	75	dc1	whole	3	ויל״ע	ויל״ע למה דוקא בנס של פורים מרבין בשמחה, ועוד יל״ע מהו המשמעות של תיבת אדר.
17	13	1	297.44	212.94	84.5	76	dc1	whole	13	ולפי	ולפי המבואר לעיל שעיקר התיקון והמחי' של עמלק הוא לגלות הד' על הר', ולגלות ה' אחד, מובן שאדר נקרא א' ע״ש אלופו של עולם וד״ר״ שהתגבר ונתקן הד' על הר' (ובהמשך יתבאר עוד ביאור בהא'), ולפי״ז מובן ג״כ למה דוקא מרבין בשמחה, שהרי ביארנו לעיל שהתיקון של ד' הוא ע״י שורות ישרות בחינה של ישר, וזהו שמביא 'לידי שמחה כמו שנא' ולישרי לב שמחה, ועוד נאמר פיקודי ה' ישרים משמחי לב, ולכן החודש שיש תיקון של ד'ר', התיקון של ישרות, מיוחד לשמחה יתירה.
17	13	2	450.63	35.58	415.05	77	subhead	whole	1	ביאור בשם בעל המימרא רב שמוא' בר שילת	ביאור בשם בעל המימרא רב שמוא' בר שילת
17	13	2	412.1	245.7	166.4	78	dc1	whole	15	והנה	והנה איתא בספה״ק שרב שמוא' בר שילת הי' מבני בניו של המן שלמדו תורה בבני ברק, והוא בעל המימרא של משנכנס אדר מרבין בשמחה, ובספה״ק מבארים שם שיל״ת בכמה אופנים ולפי דרכנו יש לומר שהתיקון של אדר הוא הד' על הר' והמילוי של ר' הוא ״שי״, והמלוי של ד' הוא ״לת״ וביחד הוא שילת, דהיינו שהוא תולדה מהמן ותיקון הקוץ ודרדר הד' על הר', ודוקא הוא הבעל מימרא של חודש אד״ר״ שהוא התיקון על ד' ר' (משנכנס אדר היינו התוך והפנימיות של אדר הוא המילוי בחי' שילת כנ״ל מרבין בשמחה הבחי' של ולישרי לב שמחה כנ״ל).
17	13	2	155.92	19.33	136.59	79	subhead	whole	1	השפעת משה רבינו בחודש אדר	השפעת משה רבינו בחודש אדר
17	13	2	133.64	49.14	84.5	80	dc1	whole	3	הנה	הנה בחז"ל מבואר שזכותו של משה רבינו שנולד בחודש אדר הי׳ סיבה לנס של פורים ולפי המבואר לעיל
18	14	1	530.0	98.28	431.72	80	body	whole	6	('(ענף', 'frankrealmed', 11.049999999999999) ('ב׳)', 'frankrealmed', 11.04999999	(ענף ב׳) שמשה רבינו היה במדריגת תיקון הקוץ של קריעת ים סוף שלא אבדו בחטא העגל ולכן החילוק בין משה לישרא׳ הוא קו"ץ (ים סו"ף) מובן שמשתייך לחודש אדר שמקרי ע"ש התיקון של ד"ר.
18	14	1	416.39	19.33	397.06	81	subhead	whole	1	חודש אדר נרמז בקריעת ים סוף	חודש אדר נרמז בקריעת ים סוף
18	14	1	394.11	81.9	312.21	82	dc1	whole	5	וגם	וגם חודש אדר מרומז בהגילוי והשירה של קריעת ים סוף, א' - כתי' ימינך ה' נ"אדר"י בכח, ב' - מי כמוכה באלים ה' ומי כמוך "נאדר" בקודש, שיש בה הארה מאותו גילוי של הד' רבתי.
18	14	1	300.81	49.14	251.67	83	dc1	head	3	ועוד	ועוד דמזל אדר דגים המקום של דגים הוא בתוך הפנימיות של ים סוף בחי' של קריעת ים סוף, וגם משה
18	14	2	530.0	49.14	480.86	83	body	tail	3	רבינו שמרמז על דרגת קריעת ים	רבינו שמרמז על דרגת קריעת ים סוף, נקרא ע״ש כי מן המים משיתיהו כבחי' דגים של חודש אדר.
18	14	2	470.38	35.58	434.8	84	subhead	whole	1	חודש אדר בחי' התיקון של ספר תורה דר״מ	חודש אדר בחי' התיקון של ספר תורה דר״מ
18	14	2	431.85	180.18	251.67	85	dc1	whole	11	ועיין	ועיין לעיל (ענף א) שביארנו ע״פ דברי העטרת ישועה שספר תורה של ר' מאיר הי' מיוחד בא' של כתנות אור, וגם הקפיד על הד' שלא יתהפך לר', ונמצא מיוחד בבחי' א-דר, בחי' התיקון של קודם חטא עץ הדעת, והוא נגד ערד מלך עמלק שהי' בחי' כתנות עור עם ע' והר' קודם הד' ע״ש, הרי שחודש אדר מסוגל לתיקון הקוץ של הד' רבתי של ה' אחד ולתיקון של כתנות אור כמו קודם חטא עץ הדעת.
19	15	0	502.0	44.0	458.0	86	anaf	full	1	ענף ו' גילוי ה' אחד ביציאת מצרים ובליל הסדר	ענף ו' גילוי ה' אחד ביציאת מצרים ובליל הסדר
19	15	1	450.63	19.33	431.3	87	subhead	whole	1	פורים קודם פסח	פורים קודם פסח
19	15	1	428.35	212.94	215.41	88	dc1	whole	13	ביארנו	ביארנו לעיל (ענף ב') שעמלק עשה פגם בהגילוי של ה' אחד שנתגלה ביציאת מצרים, וע״י מחיית עמלק חוזר ומתגלה הגילוי של ה' אחד של יציאת מצרים, ובזה מובן למה יו״ט פורים הוא ל' יום קודם פסח והוא ההכנה ליו״ט פסח, כי ע״י פורים ומחיית עמלק חוזר המדריגה של יציאת מצרים, ועוד איתא בספה״ק כי מחיית עמלק יהי' במשך הל' יום מפורים עד פסח, והביאור הוא כמו שכתבנו שזהו ההכנה שיחזור הגילוי של ה' אחד.
19	15	1	204.93	19.33	185.6	89	subhead	whole	1	מרדכי גזר תענית על פסח	מרדכי גזר תענית על פסח
19	15	1	182.65	98.28	84.37	90	dc1	whole	6	ויותר	ויותר מזה מצינו בחז״ל, שמרדכי צוה להתענות על פסח ולבטל ליל הסדר, ולפי הנ״ל יתבאר היטב כי כשנתעורר המן ועמלק אזי יש ביטול להגילוי של ליל הסדר ולכן התבטל ליל הסדר.
19	15	2	450.63	19.33	431.3	91	subhead	whole	1	מספר ד' ביו״ט פסח וליל הסדר	מספר ד' ביו״ט פסח וליל הסדר
19	15	2	428.35	131.04	297.31	92	dc1	whole	8	ובאמת	ובאמת מצינו שיש הרבה דברים ביו״ט פסח שמספרים ד', א'-ד' כוסות, ב'-ד' בנים, ג'-ד' קשיות ד'-ד' פסוקים שדורשין ההגדה, ה'- לוקחין השה בי' ניסן לבודקו ד' ימים ו'- גם המצות שבעצם יש ג' מצות קודם ההגדה עושים יחץ ונשבר לשנים ועי״ז יש גם ד' מצות.
19	15	2	277.66	32.76	244.9	93	dc1	whole	2	והוא	והוא מרמז לתיקון הקוץ של הד' רבתי מה' אחד שהתגלה בליל הפסח.
19	15	2	221.31	19.33	201.98	94	subhead	whole	1	תכלית סיפור יציאת מצרים	תכלית סיפור יציאת מצרים
19	15	2	199.03	114.66	84.37	95	dc1	whole	7	ולכן	ולכן מצינו בההגדה שהתנאים היו מסובין בבני ברק ועוסקין בההגדה עד שבאו תלמידיהם ואמרו רבותינו הגיע זמן קרי״ש של שחרית, וביארו בספה״ק שהוא בא לרמז שתכלית ההגדה הוא עד שיגיע לקרי״ש הבחי' של הד' של ה' אחד שנתגלה ביציאת מצרים.
20	16	1	530.0	19.33	510.67	96	subhead	whole	1	הפסח נאכל רק צלי	הפסח נאכל רק צלי
20	16	1	507.72	98.28	409.44	97	dc1	head	6	ובזה	ובזה יש לבאר מה שהפסח שאני מכל הקרבנות שיש בו דין שאינו נאכל אלא צלי באש, משום דג' אותיות אלו צ,ל,י, הם אותיות היחידות מכל הא'ב' שיש בהם ד' בנסתר, צדיק למד יוד, ומרמז
20	16	2	530.0	32.76	497.24	97	body	tail	2	שהפסח ״יצלה״ כולו לגלות	שהפסח ״יצלה״ כולו לגלות ה' אחד הנסתר בתוך הבריאה.
20	16	2	491.34	81.9	409.44	98	dc1	whole	5	איתא	איתא בחז״ל כל המאריך בד' דאחד מאריכין לו ימיו ושנותיו, יעזור השי״ת שנזכה לחיים ארוכים בגילוי ה' אחד, ע״י משיח בן דו״ד, שמרמז לגילוי של של ד' וד' של דרדר בב״א.
